vid,label,pred,wrong
7339164334095961387,1,0,1
7340038055409061125,0,0,0
7342010377930034440,1,1,0
7326719365640883499,0,0,0
7339829500890385695,0,0,0
7328089110101577006,0,0,0
7339194297801084166,1,1,0
7330753098408840494,0,0,0
7338507216074394886,1,0,1
7331324961799343390,1,1,0
7342405780252937515,0,1,1
7325273033332198702,1,1,0
7335066807658630433,1,1,0
7331168877818285354,0,0,0
7337480208469003562,1,0,1
7325415130240519430,1,0,1
7342634972420885790,1,0,1
7327370381390646570,0,0,0
7326627390904470816,0,1,1
7326669723268140330,0,0,0
7329574676500565294,1,1,0
7340856334868434222,0,0,0
7338884811194387718,0,0,0
7339693497705860394,0,0,0
7326994426515983658,1,0,1
7331053452157668651,1,1,0
7340817804225957150,0,0,0
7341058891318349086,0,0,0
7342446001271360814,0,0,0
7338422577783754016,0,0,0
7330299162799426859,1,1,0
7345395705533549867,0,0,0
7338740537400249633,0,0,0
7333081032591281438,1,1,0
7339076823210413344,0,0,0
7330430540274994478,1,1,0
7340842118685936938,1,0,1
7339199657668742446,1,1,0
7339755294462856494,1,1,0
7336204810158492961,0,0,0
7342542349744098603,0,1,1
7333390990729923882,0,0,0
7335121443799256350,0,0,0
7341113582106479874,0,0,0
7341196654902627614,0,0,0
7326363124204866859,1,0,1
7327504178362797354,0,0,0
7341194133228326146,0,0,0
7338251152527609130,0,0,0
7333633195046456622,0,0,0
7332154258269408517,1,1,0
7338589343415618858,0,1,1
7333686808426859818,0,0,0
7344725665977060654,0,0,0
7325604098147929390,1,1,0
7340493678093421870,1,1,0
7333850646103428394,0,0,0
7331788056099310891,0,0,0
7329153506500201770,1,1,0
7340657180854652206,1,1,0
7331430393725439238,0,0,0
7327651985983835435,1,1,0
7325900265675099422,0,0,0
7330025372689452318,0,0,0
7343997692424588586,1,1,0
7336328415051549998,0,0,0
7328165688550427946,0,0,0
7336183974550588704,0,0,0
7342329636711386398,0,1,1
7339554885928537374,0,0,0
7342536380523859231,0,0,0
7338589977921604907,0,0,0
7342445964902370602,0,0,0
7332243040460934442,0,0,0
7338863111547391262,0,0,0
7342949274457574702,1,1,0
7341026941325167904,0,0,0
7333645245663431967,0,1,1
7344398337581288737,1,1,0
7332509992098090273,1,1,0
7333874238199319815,0,0,0
7338590940065451306,0,0,0
7327750387245583658,0,0,0
7325903448317136174,0,1,1
7342446176408456491,0,0,0
7335524989367520544,0,0,0
7326709438155476267,0,1,1
7330155396033826094,1,1,0
7342540205133466922,0,0,0
7340977008794438954,0,0,0
7339354978718354730,0,0,0
7326899420677655854,0,0,0
7336283779096448286,0,0,0
7345584403696930094,0,0,0
7326295933895839022,0,0,0
7342850470655839518,0,0,0
7334437011710840106,0,1,1
7342372232305544494,0,0,0
7342165813027196203,1,1,0
7327757576953793834,0,0,0
7325485464062790943,1,0,1
7331437887474404641,0,0,0
7330122656475319594,1,1,0
7336175388856503594,0,0,0
7342562810703973665,0,0,0
7333298339972287790,0,0,0
7326620084376702254,1,0,1
7333663991891332395,1,1,0
7339643699556666666,1,1,0
7339785694316973343,0,0,0
7339210614746713376,1,0,1
7330126708927925510,0,0,0
7333714038498774318,1,0,1
7340788034578681119,1,0,1
7326663175296929067,0,0,0
7326675965977857322,0,0,0
7333802049433308459,0,0,0
7341843630887554350,1,1,0
7328815212759469358,0,1,1
7333047296642256170,0,0,0
7329173925458414891,1,1,0
7341828693649673518,1,1,0
7327833123943730440,1,1,0
7342525851612876078,0,0,0
7341469013052116266,0,0,0
7338632588711562539,1,0,1
7341057138413833518,0,0,0
7331236261669276974,1,1,0
7339423357424733483,0,1,1
7327734282187771168,1,1,0
7326664960686296362,0,0,0
7338783086005472517,1,1,0
7331114510108871982,1,1,0
7337776414453861678,0,0,0
7331320330339831083,1,0,1
7339705258836282667,1,1,0
7330432178167287083,1,1,0
7339389860014329131,0,0,0
7345287717665672491,1,0,1
7340756872351337771,0,0,0
7326362266419416351,0,1,1
7334722211221163307,1,1,0
7330416738628046086,0,0,0
7326670119009160494,0,0,0
7338169604612558126,0,1,1
7328543412360236334,1,1,0
7332393503843962144,1,1,0
7340819008989515039,0,0,0
7339345293143510318,0,0,0
7330750367686233374,0,0,0
7325969173673233695,0,0,0
7342547403775495430,0,0,0
7344208689982704939,1,0,1
7342265179016596778,0,0,0
7330744138335391018,0,0,0
7327259797819116833,1,1,0
7332807588196879621,0,0,0
7328808539277839658,1,1,0
7340480220249607467,0,0,0
7328050830161087790,1,0,1
7339647649047498030,0,1,1
7341282165373603114,0,0,0
7340591288833543467,0,0,0
7328222337566772510,0,0,0
7326719914058779947,1,0,1
7337313720806264107,1,0,1
7339283009285131566,0,0,0
7342511696935750930,0,0,0
7338101241702239534,0,0,0
7332654720839896363,0,1,1
7336014281135115563,1,1,0
7340134525202304302,0,1,1
7325227052142234886,0,0,0
7335108541226798378,0,1,1
7331785434059509035,0,0,0
7338804156414790958,0,0,0
7341218907455278382,1,1,0
7326726219469311278,0,0,0
7332478368769674504,0,0,0
7338905308065991979,0,0,0
7326725289831124255,0,0,0
7333361365278657793,1,1,0
7329967528837467435,1,1,0
7342171746306411819,1,1,0
7341393429919714602,0,0,0
7342445999140424990,0,0,0
7326891885174295850,0,0,0
7339975325658467626,0,0,0
7331838883505786154,0,0,0
7340957776539094302,0,0,0
7340332786622090542,0,0,0
7342481151392533790,0,0,0
7338475366828215598,1,1,0
7331634502877515054,1,1,0
7340440380032453934,0,0,0
7335550549389036842,0,1,1
7339064426701573409,1,1,0
7338210203113966891,0,1,1
7326685092909190443,0,0,0
7338113023577427242,0,0,0
7345187756856872238,0,0,0
7341082376547798318,1,1,0
7326660951997041963,0,0,0
7340478858468085038,0,1,1
7340852162962033966,0,0,0
7338139978133933358,0,1,1
7341984614891687189,1,1,0
7338201239080946950,0,0,0
7327306563121663274,0,0,0
7338607123510873390,0,0,0
7336987740753497387,0,0,0
7341849056811109678,1,1,0
7331529118451780910,0,0,0
7334459726081559850,1,1,0
7341167240873594158,0,0,0
7341478505009433863,1,1,0
7338191188232506654,1,1,0
7342445361165880618,0,0,0
7340681481548795179,0,0,0
7334352766665510177,1,1,0
7342154095395900714,0,0,0
7328284288556846378,1,1,0
7342542376205897003,0,0,0
7338219280061713706,0,0,0
7338370568322075950,0,0,0
7341263877004561710,0,0,0
7341480932295085355,0,0,0
7338941503105994017,0,0,0
7335270497548061995,0,0,0
7325259899212991787,0,0,0
7342510465844530463,0,1,1
7341833227746708779,1,1,0
7332118201855216939,0,0,0
7341112770705837318,0,0,0
7332751454328982814,1,1,0
7333366881849593119,0,0,0
7326920584812580139,0,0,0
7333470416993881387,0,0,0
7326725840413281579,0,0,0
7340997934676348206,0,1,1
7342445349384146222,0,0,0
7333635381662879019,0,0,0
7342342347289627947,0,0,0
7328185420833950982,1,1,0
7340809496115023135,1,1,0
7339230197524253982,0,0,0
7342248732798258478,0,0,0
7328912851127553323,1,1,0
7339017003497262379,0,1,1
7342535308312907054,0,0,0
7338591064455925034,0,0,0
7330290001063775521,0,0,0
7332799881490205958,1,1,0
7336382297408589061,0,0,0
7333300358845926702,0,0,0
7338479855224409390,0,0,0
7329963643364363566,1,1,0
7339343961716198699,0,0,0
7336943504683207978,1,1,0
7340855664761212202,0,0,0
7344173477810687263,0,0,0
7326912308138052869,0,1,1
7340830082040171807,0,0,0
7329182295070625070,0,1,1
7342233408162057504,0,1,1
7335239763273895214,0,0,0
7342240533542145311,0,0,0
7336362148207021355,0,0,0
7328076802205699371,1,1,0
7327539079996869895,0,1,1
7329504585217854728,1,1,0
7330470610885266721,1,1,0
7342548657746496810,0,0,0
7339941686157626656,0,0,0
7341463786924100907,1,0,1
7330660246534409518,1,1,0
7330475147570187550,1,0,1
7341044176768748818,0,1,1
7329660532640763168,1,1,0
7338148377944739114,0,0,0
7332856394414132512,0,0,0
7326997851060571438,0,0,0
7334761416894844202,1,1,0
7340349694306012459,0,0,0
7340803243972250923,0,0,0
7345439135710072106,0,1,1
7332010768528952581,0,0,0
7342281509820321054,0,1,1
7329610866846928158,1,1,0
7340020110008241454,1,1,0
7331025608975060267,0,0,0
7339351832633888030,0,1,1
7326647876505931014,1,1,0
7325429783578316078,0,1,1
7339572310468300075,0,1,1
7329624462691667242,0,0,0
7339177397893205253,1,1,0
7330755502629981482,1,1,0
7339837975146040622,0,0,0
